"","ID","txt","textChecked"
"1","R_4NOhzkNFH5vjmgl","great politcal complete welcomed encouraging        ","great political complete welcomed encouraging"
"2","R_bJxEaz51rkL6uSV","freedom understanding welfare minorities mexicans blacks asians poverty single mothers food stamps     ","freedom understanding welfare minorities mexicans blacks asians poverty single mothers food stamps"
"3","R_6ExgpX2Il4AGCZT","freedom america greece voting elections        ","freedom america greece voting elections"
"4","R_d0ZkCwvuWcHiGLr","people fairness townhall greece founding fathers republic voting       ","peoplee fairness townhall greece founding fathers republic voting"
"5","R_b7d5XkWemBOtNGZ","freedom fairness choices ethical  people elections voting       ","freedom fairness choices ethical peoplee elections voting"
"6","R_9owwcNXdvaDLdS5","freedom justice future peaceful popular great long lasting helpful vision pride right superior rights liberty happyness graceful powerful friendly common solidarity","freedom justice future peaceful popular great long lasting helpful vision pride right superior rights liberty happiness graceful powerful friendly common solidarity"
"7","R_7OkqVjwBAnNqg4J","ideal happy represetative human rights voting public politician       ","ideal happy representative human rights voting public politician"
"8","R_9NQOoKqRC7yNQYR","freedom fairness freedon religion chance rule  people        ","freedom fairness freedom religion chance rule peoplee"
"9","R_cVfmrsgbGOd1Cpn","mob rules deomcratics group vote america        ","mob rules democratic group vote america"
"10","R_3qRw3JkjFXWc5Dv","majority rules  good many public vote ruled citizens direct representation popular politicians        ","majority rules good many public vote ruled citizens direct representation popular politicians"
"11","R_55qc2vzeLOm7sBT","freedom choice selection equality opportunity fairness possibility politics      ","freedom choice selection equality opportunity fairness possibility politics"
"12","R_bPbzIOZ5CFfi7AN","equality justice voting representation normalicy        ","equality justice voting representation normalcy"
"13","R_cSkeWS530UznowJ","myth power hungry hypocrites fantasy land wish forefathers       ","myth power hungry hypocrites fantasy land wish forefathers"
"14","R_1TYqSl0iFwsEt0h","egalitarian one person one vote freedom mob rule constitution western world voting       ","egalitarian one person one vote freedom mob rule constitution western world voting"
"15","R_6zj1fg665rsO14V","civilization society justice voting election        ","civilization society justice voting election"
"16","R_2iCnyqOAGcooxFj","america representative greece voting people power broken subversion       ","america representative greece voting peoplee power broken subversion"
"17","R_8f9pkCd0kCJVjjn","usa government voting equality fairness        ","usa governmenternment voting equality fairness"
"18","R_9KtIvVTXFjKg8mh","freedom equality people united election        ","freedom equality peoplee united election"
"19","R_eSf4GkXTuCj9gAB","america flags pennsylvania constitution washington dc presidents speeches voting ads      ","america flags pennsylvania constitution washington dc presidents speeches voting ads"
"20","R_8qUNY8WaLMNeSkR","peace people justice equality capitalism human rights       ","peace peoplee justice equality capitalism human rights"
"21","R_7NAdunLz2TRgUXH","freedom voting democrats republicans choices america government       ","freedom voting democrats republicans choices america governmenternment"
"22","R_2gfZvfq8WcikJW5","lie false cruel evil bad        ","lie false cruel evil bad"
"23","R_cMTT9eqWTQSGL53","diversity voices people balance justice bottom- fairness       ","diversity voices peoplee balance justice bottom- fairness"
"24","R_3JExZL7ygDip0QR","freedom america free will loyalty usa declaration independence elections politics      ","freedom america free will loyalty usa declaration independencee elections politics"
"25","R_2rQGbUOGbfr3Tkp","participation republic egalitarianism representation voting        ","participation republic egalitarianism representation voting"
"26","R_9KWWGeIzEwdlgdT","freedom people voting majority matter        ","freedom peoplee voting majority matter"
"31","R_5drB4FnSdAISL77","united states freedom liberty obama monarchy        ","united states freedom liberty obama monarchy"
"32","R_42RKEMJICylHfAp","laws legal citizens unity helping        ","laws legal citizens unity helping"
"33","R_6EcEN628XZc6PnT","choice voice opinion fairness voting representation government usa blue      ","choice voice opinion fairness voting representation governmenternment usa blue"
"34","R_eKv8G6JvqzvWV6J","people freedom government choice vote voting votes republic liberal conservative politics america arguments    ","peoplee freedom governmenternment choice vote voting votes republic liberal conservative politics america arguments"
"35","R_6yepNCPrO6atUXz","government laws america obama republicans        ","governmenternment laws america obama republicans"
"36","R_02FAmNgGDRAkbOZ","greece voting fairness majority republic senator justice       ","greece voting fairness majority republic senator justice"
"37","R_eRlHqe8EJni78R7","freedom liberty peace fairness good        ","freedom liberty peace fairness good"
"38","R_esQE78STXQhcPVX","freedom cooperation collaboration vote popular opinion        ","freedom cooperation collaboration vote popular opinion"
"39","R_6fGsUkZY94shvAp","wolves sheep voting dinner mob rule degeneration welfare public trough centralization  state high taxes dominated special interests war   secret band murderers thieves violation  natural law absurdity social contract    ","wolves sheep voting dinner mob rule degeneration welfare public trough centralization state high taxes dominated special interests war secret band murderers thieves violation natural law absurdity social contract"
"40","R_7V9MUzbbpUyQ53T","voting popular universal freedom political suffrage election republican tradition french revolution american revolution     ","voting popular universal freedom political suffrage election republican tradition french revolution american revolution"
"41","R_cAVArj6KPn12eOh","voting elections president checks balances laws rights constitution       ","voting elections president checks balances laws rights constitution"
"42","R_3DJljUtJCMMYOm9","voting freedom majority rules rights people rule        ","voting freedom majority rules rights peoplee rule"
"43","R_etclPrR4dxe1Dnv","freedom choice liberty pursuit happiness voting america president       ","freedom choice liberty pursuit happiness voting america president"
"44","R_ebAAgSP864u8U3b","sham fake misunderstood old idea good idea paper us  true democracy people mistake first world countries democracies       ","sham fake misunderstood old idea good idea paper us true democracy peoplee mistake first world countries democracies"
"45","R_3I7z8bE6TO1kfNX","unity together one friendly careful        ","unity together one friendly careful"
"46","R_3D9Gm0OGRh6a5Fj","voting elections politicians congress president america india china people us flag     ","voting elections politicians congress president america india china peoplee us flag"
"47","R_eQ01u5o1GcH2kfP","democrats replubicans conservative liberal clinton health care gun control       ","democrats republicans conservative liberal clinton health care gun control"
"48","R_3z7T2tkWDcu4jsN","athens greece usa freedom voting chaos corruption election government ballots     ","athens greece usa freedom voting chaos corruption election governmenternment ballots"
"49","R_e9YM9fkBZ4oXqF7","voting minority rights representation plurality checks balances one person one vote big money       ","voting minority rights representation plurality checks balances one person one vote big money"
"50","R_0VunF67OlFkrRwF","equality opportunity egalitarianism power  people people choosing government choice results society lack corruption corporate rule free fair elections     ","equality opportunity egalitarianism power peoplee peoplee choosing governmenternment choice results society lack corruption corporate rule free fair elections"
"51","R_8nXWuTfiyvHtpXL","freedom choice free speach voting elections representation fair just      ","freedom choice free speech voting elections representation fair just"
"52","R_4HeOPawabyxACWN","freedom liberty voting election society        ","freedom liberty voting election society"
"53","R_09womCBTjXlhFkx","freedom choice guns money g.washington abraham lincoln civil war murica fast food imigration curruption corn indians iphone microsoft enron lawyers potato chips f-86 sabre racism","freedom choice guns money g.washington abraham lincoln civil war America fast food immigration corruption corn indians iphone microsoft enron lawyers potato chips f-86 sabre racism"
"54","R_3dCagm4jSk9R6UR","freedom free speech right hold protest right vote right  education right choose whatever career want peace unity ideas community american     ","freedom free speech right hold protest right vote right education right choose whatever career want peace unity ideas community american"
"55","R_d3Y2epMIlq2FqRL","voting freedom rights people america fight quality       ","voting freedom rights peoplee america fight quality"
"56","R_cVebLscSDgSFyst","equality voting suffrage election day ballots politicians congress political parties      ","equality voting suffrage election day ballots politicians congress political parties"
"57","R_9ot2uuRvQbKFIR7","voting limited choices majority opinion persuasion politics political parties republicans democrats liberals conservatives equality      ","voting limited choices majority opinion persuasion politics political parties republicans democrats liberals conservatives equality"
"58","R_5BiR2p7Ff9cLEKp","taxes lies voting job pay unemployment        ","taxes lies voting job pay unemployment"
"59","R_8uZLn5C4WX8uTbf","elections representation accountability choice people enfranchisement diversity term limits rights equality     ","elections representation accountability choice peoplee enfranchisement diversity term limits rights equality"
"60","R_6X5QBXROewCTYd7","freedom justice liberty everybody  say peaceful progressive fair balanced united states pride worth fighting  people desire spread  internet    ","freedom justice liberty everybody say peaceful progressive fair balanced united states pride worth fighting peoplee desire spread internet"
"61","R_1O0e1dYSpkaw83b","freedom choice respect government mob rule legislation town hall representative senate presidency law rules    ","freedom choice respect governmenternment mob rule legislation town hall representative senate presidency law rules"
"62","R_9Hp3hhwrzFiyqrz","freedom justice independence equal voting rights choosing  vote happiness achievement closer utopia      ","freedom justice independencee equal voting rights choosing vote happiness achievement closer utopia"
"63","R_50aV2fe9kiqTDal","public voting freedom united people majority opportunity       ","public voting freedom united peoplee majority opportunity"
"64","R_eyWg6P7fFy2vMIR","freedom curse mystery wondeful creation        ","freedom curse mystery wonderful creation"
"65","R_29IU37aiqP9pskl","vote  people representation government freedom equality       ","vote peoplee representation governmenternment freedom equality"
"66","R_eWj55PA9PBxnsbP","freedom equality voting division power capitalism        ","freedom equality voting division power capitalism"
"67","R_5okFXdG8gdxK353","freedom choice right  independent life economic success justice  adequate minimum salaries chance succeed       ","freedom choice right independent life economic success justice adequate minimum salaries chance succeed"
"68","R_4UzCFEqC1yT9g7H","united nations politics president governer mayor senate amendments republican      ","united nations politics president governmenterner mayor senate amendments republican"
"69","R_bBDgTcdYv2FuBmZ","voting america freedom choice elections issues debates justice consttitution rights     ","voting america freedom choice elections issues debates justice constitution rights"
"70","R_8dBmAej5ZmJuRY9","working class  people welfare handouts clinton carter obama shady clickish political party     ","working class peoplee welfare handouts clinton carter obama shady cliquish political party"
"71","R_cRXirkIElh3E4BL","people choice slow arguing revolution white black rocks government voices vote      ","peoplee choice slow arguing revolution white black rocks governmenternment voices vote"
"72","R_afLuzGgdC7c90nr","sad interesting different controversial difficult        ","sad interesting different controversial difficult"
"73","R_5iq6PgGM4n5TDF3","usa fair equal treatment constitution freedom rights congress presidential elections       ","usa fair equal treatment constitution freedom rights congress presidential elections"
"74","R_cFGOrgCc3Kw4tsF","elections voting freedom people majority representative western modern justice leaders     ","elections voting freedom peoplee majority representative western modern justice leaders"
"75","R_5oS1NfLkcdI6Lzv","freedom choice voice prosperity power influence participation equality fariness justice     ","freedom choice voice prosperity power influence participation equality fairness justice"
"76","R_cU7v5dEfINIJIZn","majority freedom fairness people vote truth       ","majority freedom fairness peoplee vote truth"
"77","R_dpf2RqrSPObRNch","equality freedom justice america politics government       ","equality freedom justice america politics governmenternment"
"78","R_dbxk9hpCuozJn6J","government able vote bill clinton democrats people  right choose glad  monarchy       ","governmenternment able vote bill clinton democrats peoplee right choose glad monarchy"
"79","R_2tyNOaK9od0pJLn","vote freedom flawed politics groupthink abuse regulation nationalism      ","vote freedom flawed politics groupthink abuse regulation nationalism"
"80","R_0HCkWrMELhyhjEh","fair honest shared equal republic vote president representative representation tax election equality nation party system two republican democrat judicial legislative","fair honest shared equal republic vote president representative representation tax election equality nation party system two republican democrat judicial legislative"
"81","R_bxrszAvnHSWFI7b","freedom equality government laws rules liberial civil liberties       ","freedom equality governmenternment laws rules liberal civil liberties"
"82","R_0JVBNTO0vYzkuZT","choice freedom rights civilization society vote representation decision majority organization responsibility helping forming leading exemplary people unity disagreement unison complete ","choice freedom rights civilization society vote representation decision majority organization responsibility helping forming leading exemplary peoplee unity disagreement unison complete"
"83","R_eKI1Id9fWs35zxP","ability vote freedom choice political parties liberal vs. conservative general elections political campaigns candidates debating government president house representatives congress     ","ability vote freedom choice political parties liberal versus. conservative general elections political campaigns candidates debating governmenternment president house representatives congress"
"84","R_0DPvNwtBNRt8REh","liberty freedom pursuit happiness right free speach right bear arms right vote religous freedom right  opportunity everyone equal royalty     ","liberty freedom pursuit happiness right free speech right bear arms right vote religious freedom right opportunity everyone equal royalty"
"85","R_bBGKzcCPHbC3kEt","vote representation people three branches president house representatives congress senators bureaucracy       ","vote representation peoplee three branches president house representatives congress senators bureaucracy"
"86","R_eKwCVdf8zu9ooS1","vote majority fair america government justice       ","vote majority fair america governmenternment justice"
"87","R_7Pt2aQSn3PmgNnL","freedom voting politics choice government capitalism opportunity       ","freedom voting politics choice governmenternment capitalism opportunity"
"88","R_eDJlFws2yIMXIqx","voting choice rights elections freedom        ","voting choice rights elections freedom"
"89","R_brodigvrPfmfw21","elections freedom representation minority rights majority rule  voice government able select people represent ideas       ","elections freedom representation minority rights majority rule voice governmenternment able select peoplee represent ideas"
"90","R_2c9Y8xK0jDGvh65","freedom america vote election constitution rights       ","freedom america vote election constitution rights"
"91","R_2l6DpkpaJs0QUhD","freedom choice equality individualism respect opportunity tolerance diversity expression security     ","freedom choice equality individualism respect opportunity tolerance diversity expression security"
"92","R_brvs9RzoItx4ebj","freedom choice voting free market world leader america 2 party system fair just      ","freedom choice voting free market world leader america 2 party system fair just"
"93","R_8uHUhanqrgnoUZL","freedom choice fair elections representation  people fighting  rights land  free establishing freedoms otheres separation church state human rights free speach reaching equality    ","freedom choice fair elections representation peoplee fighting rights land free establishing freedoms others separation church state human rights free speech reaching equality"
"94","R_bj7NMJRS1AiEKAR","freedom choice rights transparency vote justice       ","freedom choice rights transparency vote justice"
"95","R_8pIfPi6xUOt4ZyB","freedom voting people government flawed        ","freedom voting peoplee governmenternment flawed"
"96","R_1MkbXVKVJO3yXfn","equality freedom free speech free elections equal chance success freedom religion equal chance success       ","equality freedom free speech free elections equal chance success freedom religion equal chance success"
"97","R_3OZfn8I4W48No3P","majority rules voting self government illusion choice republic better form government       ","majority rules voting self governmenternment illusion choice republic better form governmenternment"
"98","R_01HQBuNqqAGq71r","government voting  people beneficial strong structure freedom       ","governmenternment voting peoplee beneficial strong structure freedom"
"99","R_41mbDXPxzrnv7s9","freedom propserity equality advancement resourceful self expression rights       ","freedom prosperity equality advancement resourceful self expression rights"
"100","R_8kKtagpWHUD5Ti5","freedom social responsibilty public welfare equality justice protection fairness supportive community balanced society     ","freedom social responsibility public welfare equality justice protection fairness supportive community balanced society"
"101","R_6KKVfJqZk9HgfXL","freedom progress individualism overcoming hierarchy unfulfilled propaganda media bias       ","freedom progress individualism overcoming hierarchy unfulfilled propaganda media bias"
"102","R_0U62d1iTQpSlShT","voting citizens fair election ballot        ","voting citizens fair election ballot"
"103","R_3lKY4B0js17mDPL","america election vote united states obama electoral college       ","america election vote united states obama electoral college"
"104","R_82GgsYkRvGESTYh","freedom usa voting choice picking president nation politics       ","freedom usa voting choice picking president nation politics"
"105","R_cu1J4WiEka9T1Yx","voting representation equality freedom fairness        ","voting representation equality freedom fairness"
"106","R_9FgcQrGtuKnp5Cl","people president voting election politics campaign freedom money capitalism      ","peoplee president voting election politics campaign freedom money capitalism"
"107","R_2mELHsVHiOviSu9","freedom rights people vote majority representation       ","freedom rights peoplee vote majority representation"
"108","R_4UDgJJqAImQNGDP","freedom equality voting statue liberty expression opinions checks balances government  people citizen's rights justice elections usa    ","freedom equality voting statue liberty expression opinions checks balances governmenternment peoplee citizen's rights justice elections usa"
"109","R_8GNITjut2fyBOyF","freedom american president people vote equal       ","freedom american president peoplee vote equal"
"110","R_0cUHE8Dq81vNfbn","equality fairness america government voting parties partisanship congress representative voter ballot polls    ","equality fairness america governmenternment voting parties partisanship congress representative voter ballot polls"
"111","R_6saXRGODiCVupRH","freedom us equality voting majority rules republican democrats libertarians tea party green party obama ruining liberals conservatives flag proud  american countries admire government best government structure  world military protects ronald reagan george w bush","freedom us equality voting majority rules republican democrats libertarian tea party green party obama ruining liberals conservatives flag proud american countries admire governmenternment best governmenternment structure world military protects ronald reagan george w bush"
"112","R_71h9IjqU26BR92Z","fairness freedom money comfort ease liberty       ","fairness freedom money comfort ease liberty"
"113","R_6W3NkSR3hfQdotD"," people america voting ballots republicans vs democrats        ","peoplee america voting ballots republicans versus democrats"
"114","R_0wkfh2tdE5vfI0Z","polical choice vote inclusive decisive final modern progressive government voice     ","political choice vote inclusive decisive final modern progressive governmenternment voice"
"115","R_agDgtCSefdK4S2h","freedom guns money liberal drugs beer picnics broadcasting convention speech congress     ","freedom guns money liberal drugs beer picnics broadcasting convention speech congress"
"116","R_8IgmAPO4XmZkknP","vote freedom president congress legislative supreme court       ","vote freedom president congress legislative supreme court"
"117","R_cCJ12hu7rJRUZh3","freedom vote choice fair fair government free speech usa       ","freedom vote choice fair fair governmenternment free speech usa"
"118","R_a48YEv5KwI3ghV3","western countries people america voting freedom based royalty human rights equalness      ","western countries peoplee america voting freedom based royalty human rights equality"
"119","R_50laBOqpRmTGrE9","freedom free trade election responsibility justice achievment admiration equality rights education     ","freedom free trade election responsibility justice achievement admiration equality rights education"
"120","R_6ziGqHfTV1vxjqB","politics power elections officials vote veto overthrow equality people rules representatives rights corrupt institutions future system america  ","politics power elections officials vote veto overthrow equality peoplee rules representatives rights corrupt institutions future system america"
"121","R_3jXKjVjyojenixT","freedon government constitution capitalism voice choice       ","freedom governmenternment constitution capitalism voice choice"
"122","R_cPaAfftRJVpUmix","voting voices obama america washington thanksgiving       ","voting voices obama america washington thanksgiving"
"123","R_1OccFP57Scek5il","freedom usa voting free speech opportunity happiness elections       ","freedom usa voting free speech opportunity happiness elections"
"124","R_5dULYFIj4XOoVsp","social equality egalitarianism classlessness freedom government emancipation       ","social equality egalitarianism class freedom governmenternment emancipation"
"125","R_eyRUcAlhUYewqoJ","freedom politics elections people government        ","freedom politics elections peoplee governmenternment"
"126","R_0CEMyUgDULD16tv","representative aspiration freedom  people  people liberty government indirect direct athens voting citizenship rights 15th ammendment equality election republic legislation congress 3 branches government civil rights","representative aspiration freedom peoplee peoplee liberty governmenternment indirect direct athens voting citizenship rights 15th amendment equality election republic legislation congress 3 branches governmenternment civil rights"
"127","R_3WXTgGvqjeHrssR","freedom rights usa ancient rome president opinions       ","freedom rights usa ancient rome president opinions"
"128","R_dhGyOvwMJ8259kh","unfair narrow untrue political planned propaganda misleading debate false lie effect jurisdiction rumor politics government state us avoid committee","unfair narrow untrue political planned propaganda misleading debate false lie effect jurisdiction rumor politics governmenternment state us avoid committee"
"129","R_1BWwRz2nBu2G3L7","politics voting fairness human rights humanity        ","politics voting fairness human rights humanity"
"130","R_81Vx6CA3KbQiZVP","freedom united states home family sacrifice honor commitment loyalty patriotism      ","freedom united states home family sacrifice honor commitment loyalty patriotism"
"131","R_4OZ5FWecDo3Lrut","teamwork leadership ideas new concepts accomplishments        ","teamwork leadership ideas new concepts accomplishments"
"132","R_4Zn47sNig4au34h","recognition minorities diffusion power government  people equality voting free, fair, frequent elections important public decisions law policy public opinion different groups entitled compete elections       ","recognition minorities diffusion power governmenternment peoplee equality voting free, fair, frequent elections important public decisions law policy public opinion different groups entitled compete elections"
"133","R_6JVqTsWISAsx6yV","freedom justice equality fairness negotiations        ","freedom justice equality fairness negotiations"
"134","R_0kSehKLLoL3xv01","government dictatorship liberty socialism democrat politics republican communism united states monarchy     ","governmenternment dictatorship liberty socialism democrat politics republican communism united states monarchy"
"135","R_eS6LiKkegUyQC8Z","freedom equality laws government elections free speech free religion freedom get education freedom earn unlimited amount money      ","freedom equality laws governmenternment elections free speech free religion freedom get education freedom earn unlimited amount money"
"136","R_d6XGCjDbQV6RZxX","america freedom vote congress president judicial free markets constitution      ","america freedom vote congress president judicial free markets constitution"
"137","R_1M5yUbquuH32CLb","one togetherness people voting rights laws helping kindness president bills codes     ","one togetherness peoplee voting rights laws helping kindness president bills codes"
"138","R_1S08Ztk8hhYLwup","america freedom red white blue equality social mobility rights       ","america freedom red white blue equality social mobility rights"
"139","R_eG5TktoitPavuWV","equality voice elections leader constituency issues voting       ","equality voice elections leader constituency issues voting"
"140","R_1HomLmSNG7W8IgR","republic usa freedom greeks gave us democracy vote majority       ","republic usa freedom greeks gave us democracy vote majority"
"141","R_bHoBIOn7jcc35w9","attempt  fair easily corrupt hijacked bad  complacant american ideal western concept perfect, needs work       ","attempt fair easily corrupt hijacked bad complacent american ideal western concept perfect, needs work"
"142","R_enD9kQBa0K00RBX","corruption  freedom worthless dishonesty unruly        ","corruption freedom worthless dishonesty unruly"
"143","R_0CzRGOABNK7u4UB","united states people constitution voting fair peaceful reverent nation washington d.c. forefathers president senate congress    ","united states peoplee constitution voting fair peaceful reverent nation washington d.c. forefathers president senate congress"
"144","R_5vTMAITZoWqwy3z","politics voting voicing obama blue        ","politics voting voicing obama blue"
"145","R_cwgJsE4NjWM4LUp","freedom choice voting elections usa        ","freedom choice voting elections usa"
"146","R_bBMHjQOSkCGz5qt","democrats republicans independents politics voting america rights laws      ","democrats republicans independence politics voting america rights laws"
"147","R_9WUIR6sYrYGtGaV","votes legislature politics polls president ballot veto       ","votes legislature politics polls president ballot veto"
"148","R_0Pdnwi0xwdK9anj","freedom west greek voting ballot majority       ","freedom west greek voting ballot majority"
"149","R_ebzgFvgx8Wen4UZ","strong weak simple complex necessary voting choices decisions mean kind fair unfair interesting old new power society government lasting problems","strong weak simple complex necessary voting choices decisions mean kind fair unfair interesting old new power society governmenternment lasting problems"
"150","R_0Td0RLya54tb4RD","freedom speech freedom buy products/consume vote elections separation church state elect leaders represent us equal representation based populus living capitalism working hard      ","freedom speech freedom buy products/consume vote elections separation church state elect leaders represent us equal representation based populous living capitalism working hard"
"151","R_cMbk4KFISHIW8kZ","equality liberty voting representation justice accountability       ","equality liberty voting representation justice accountability"
"152","R_cMiNBvSgpMTxB8p","voting separation power peaceful corrupt fairness representative       ","voting separation power peaceful corrupt fairness representative"
"153","R_0VubZSf90Mjgsnj","equal voting rights freedom group connected team       ","equal voting rights freedom group connected team"
"154","R_5thobQ39knos2gt","expensive campaigns money related scandals special interests public voice voting        ","expensive campaigns money related scandals special interests public voice voting"
"155","R_3WxuQScQ0IpgVo1","freedom government  people representation voting elections level playing field majority rule oversight ballots working together collaboration mutual benefits    ","freedom governmenternment peoplee representation voting elections level playing field majority rule oversight ballots working together collaboration mutual benefits"
"156","R_4IrYSgMYI4tRQZ7","majority freedom fair inclusive open representative election politics government meritocracy     ","majority freedom fair inclusive open representative election politics governmenternment meritocracy"
"157","R_87Yr1sTYgyVlOEB","broken system people charge government  people freedom citizens rights        ","broken system peoplee charge governmenternment peoplee freedom citizens rights"
"158","R_1TjwPFeRD7wJHvv","government politics voting direct democratic republic        ","governmenternment politics voting direct democratic republic"
"159","R_1SoTZUFKPhFza8l","freedom equality liberty justice concensus vote election       ","freedom equality liberty justice concensus vote election"
"160","R_6KKRyCo01SvNEnH","freedom united states politics liberties ownership americans big business super power united      ","freedom united states politics liberties ownership americans big business super power united"
"161","R_0CDvaHHGUmP1URD","freedom election representatives voting senate government  people,  people independence electoral college senate house representatives washington dc capitol american flag   ","freedom election representatives voting senate governmenternment peoplee, peoplee independencee electoral college senate house representatives washington dc capitol american flag"
"162","R_b7WG3UGLjTEuNeJ","equality freedom voice matters system government rules chance make difference       ","equality freedom voice matters system governmenternment rules chance make difference"
"163","R_0Sw3QCm3wTUwnUV","freedom justice fairness people voting government equality right      ","freedom justice fairness peoplee voting governmenternment equality right"
"164","R_6tnyUUeP23IAYgR","fair prosperous anti-corporatist equal opportunity civil rights american dream anyone can suceed monopolies illegal voting rights opportunity justice fair laws protect people surveillance state  tolerated respect continued job growth   ","fair prosperous anti-corporatist equal opportunity civil rights american dream anyone can succeed monopolies illegal voting rights opportunity justice fair laws protect peoplee surveillance state tolerated respect continued job growth"
"165","R_9zOmPZY0sSMpVNb","freedom choice group thought responsibility security safety       ","freedom choice group thought responsibility security safety"
"166","R_0qBTwOWEd7HnVxb","gridlock gerrymandering need parliamentary system political action committees citizens united vs. federal election commission voter .d. voter suppression need term limits  bother voting need mandatory voting worst system except  others     ","gridlock gerrymandering need parliamentary system political action committees citizens united versus. federal election commission voter .d. voter suppression need term limits bother voting need mandatory voting worst system except others"
"167","R_ey4Wh1st57NOqmF","freedom voting everybody  say majority rules empowerment elections       ","freedom voting everybody say majority rules empowerment elections"
"168","R_3F4uANXt3hgmW3P","freedom happiness fair pleasant wonderful        ","freedom happiness fair pleasant wonderful"
"169","R_0lfPs98cHfJbz5H","choice freedom voice, say  system open mindedness debate civility equality  people  people      ","choice freedom voice, say system open mindedness debate civility equality peoplee peoplee"
"170","R_88q5pDIwbv3i4zX","voting booth stickers wars polls congress united states communism      ","voting booth stickers wars polls congress united states communism"
"171","R_3V0ueco4zqjSGeV","people choice vote risky politics lobbying popular       ","peoplee choice vote risky politics lobbying popular"
"172","R_blpTImqLM4PiZzT","rights voting representation equality government senate house representatives constitution founding fathers pledge allegiance     ","rights voting representation equality governmenternment senate house representatives constitution founding fathers pledge allegiance"
"173","R_cvuUUfAz7ap09Dv","change freedom obama hope truth people live choice      ","change freedom obama hope truth peoplee live choice"
"174","R_cYoIIsDTsU03Jtz","freedom voting usa capitalism religious freedom opportunity liberty persuit happiness      ","freedom voting usa capitalism religious freedom opportunity liberty pursuit happiness"
"175","R_eQhsiDwGaOPsLVH","voting liberty freedom concensus representation government grassroots politics gerrymandering      ","voting liberty freedom concensus representation governmenternment grassroots politics gerrymandering"
"176","R_9NdB2QkO1s7QTIN","governement laws constitution presidents america courts senate       ","governmenternement laws constitution presidents america courts senate"
"177","R_db904nKba2pG1SJ","freedom justice balance fairness captialism equality integrity       ","freedom justice balance fairness capitalism equality integrity"
"178","R_2t151n8hpn8Svxr","freedom speech freedom press freedom vote equal rights discrimination government  people       ","freedom speech freedom press freedom vote equal rights discrimination governmenternment peoplee"
"179","R_07oCUsR0687xLUh","voting representation majority campaigns advertisements athens west america elections propositions lobbying     ","voting representation majority campaigns advertisements athens west america elections propositions lobbying"
"180","R_bfQBzbLK2DsOf9b","freedom choice equality happiness independence america       ","freedom choice equality happiness independencee america"
"181","R_6nulqdXTM1HzcJT","voting representation freedom politics will  people        ","voting representation freedom politics will peoplee"
"182","R_02M0viwNfanWjGJ","rights choices views fair good freedom       ","rights choices views fair good freedom"
"183","R_1R06M2zTKpTEGY5","government citizens voting rights politics power people freedom equality community social respect unity democratic constitution justice laws institution minorities majorities","governmenternment citizens voting rights politics power peoplee freedom equality community social respect unity democratic constitution justice laws institution minorities majorities"
"184","R_ewE8jVq3DVew9tr","freedom choices elections voting representives government ruled  people people  say many people involved decisions      ","freedom choices elections voting representatives governmenternment ruled peoplee peoplee say many peoplee involved decisions"
"185","R_cU60UQz13VWDIcB","republic freedom power  people democrats republicans america government representative majority equal     ","republic freedom power peoplee democrats republicans america governmenternment representative majority equal"
"186","R_4JlxcxdDBSFqOrP","voting government athens congress senate popular vote freedom politics power  people representation     ","voting governmenternment athens congress senate popular vote freedom politics power peoplee representation"
"187","R_6KBpoP8OAkRVzUx","liberating freedom human civil rights  people close perfect best can get functional essential universal everyone     ","liberating freedom human civil rights peoplee close perfect best can get functional essential universal everyone"
"188","R_bCNaVTcdjW4d25L","freedom voting equality human rights privilege        ","freedom voting equality human rights privilege"
"189","R_50EkBC67FSUCwPr","freedom together republic liberty justice reasonable communicative access demonstrate commerce council city arrow ethnic racy   ","freedom together republic liberty justice reasonable communicative access demonstrate commerce council city arrow ethnic racy"
"190","R_6tECLOJUl6PCs5v","freedom choice government voting elections involvement america europe western      ","freedom choice governmenternment voting elections involvement america europe western"
"191","R_etIfUVWz2YGo5IF","government equal people sucess freedom liberty power majority votes vision vpoices rghts fair    ","governmenternment equal peoplee success freedom liberty power majority votes vision voices rights fair"
"192","R_e4fqaT3MK4ABkIR","one person one vote fair representative slow  rut since ancient greece dissapointing       ","one person one vote fair representative slow rut since ancient greece disappointing"
"193","R_1M6dyvlt7tXLnNP","choice freedom equality rights liberty        ","choice freedom equality rights liberty"
"194","R_d6xvLwIHpYXnICF","system voting majority minority equality people rule       ","system voting majority minority equality peoplee rule"
"195","R_0xjMJBsX7IL2oCh","stupid doesnt work easily manipulated voting usa worthless 2 party system pointless        ","stupid doesn't work easily manipulated voting usa worthless 2 party system pointless"
"196","R_4N7CDlaIwuaGQIZ","freedom elections citizens  power free speech choice fair rights       ","freedom elections citizens power free speech choice fair rights"
"197","R_eJ17QUAJH9Lvrw1","everyone equally repped goverment. fair gov people power elites fairness.        ","everyone equally repped governmenterment. fair government peoplee power elites fairness."
"198","R_3qPZ0mxUVxoW2Pj","goverment electoral system rights  people dishonest choices symbolic corrupt      ","governmenterment electoral system rights peoplee dishonest choices symbolic corrupt"
"199","R_eV4TPXgJAah66JD","judgement based togetherness patronism jurious        ","judgement based togetherness patronage judicious"
"200","R_0TAfBP26lnUEMAJ","freedom choice america people voices liberty       ","freedom choice america peoplee voices liberty"
"201","R_3mI6EwiGtKuKixf","freedom justice liberty create challenge demo demonstrate council city dark wide     ","freedom justice liberty create challenge demo demonstrate council city dark wide"
"202","R_4YKOTsm8cdEQCih","equality  voice everyone voting lack censorship government  people freedom politicians vote  people want various political parties      ","equality voice everyone voting lack censorship governmenternment peoplee freedom politicians vote peoplee want various political parties"
"203","R_3VpceaPKzxLgOmp","usa vote people fair modern        ","usa vote peoplee fair modern"
"204","R_799LhHBL72kAKLb","people government power elections representatives freedom       ","peoplee governmenternment power elections representatives freedom"
"205","R_5je7kA5CGDZfWi9","freedom choice voting everyone capitalism        ","freedom choice voting everyone capitalism"
"206","R_agdiryJNtpxzsOx","ruined untrue novel pride safe        ","ruined untrue novel pride safe"
"207","R_bmGRkeUeJjVKdW5","equality fair just order balancing opportunity checks structure      ","equality fair just order balancing opportunity checks structure"
"208","R_9n80eoriVWCYjPv","freedom liberty freedom religion constitution free elections equal representation legal justice       ","freedom liberty freedom religion constitution free elections equal representation legal justice"
"209","R_ePURGh5UujgeWUt","freedom voting elections change liberty politics parties funding rights laws constitution government president congress senate house representatives veto bill amendments people","freedom voting elections change liberty politics parties funding rights laws constitution governmenternment president congress senate house representatives veto bill amendments peoplee"
"210","R_81dHAiCA6DaRp5j","fair just economic freedom right vote pick leaders free country checks balances       ","fair just economic freedom right vote pick leaders free country checks balances"
"211","R_3Xkf8TjiDz5xIc5","freedom freewill president elections vote democrat        ","freedom freewill president elections vote democrat"
"212","R_eKhTrF1kShE0cxT","freedom meritocracy elected rule  people elected representatives checks balances       ","freedom meritocracy elected rule peoplee elected representatives checks balances"
"213","R_88hQl1ubBPgz2sJ","freedom choice liberty liberal opportunity voting politicians debt progress revolution growth     ","freedom choice liberty liberal opportunity voting politicians debt progress revolution growth"
"214","R_8r0sVamPpZkbiwR","freedom justice rights politicians coroptions        ","freedom justice rights politicians corruptions"
"215","R_7OPvAwcjL1vIbL7","freedom usa election rights consitiution        ","freedom usa election rights constitution"
"216","R_eGaonQH3QeBtjAp","freedom responsibility social goodness group conscience representative government common good bill rights voting human rights parliamentary process amendments laws supreme court constitution house representatives sentate courts president cabinet secretary state, etc","freedom responsibility social goodness group conscience representative governmenternment common good bill rights voting human rights parliamentary process amendments laws supreme court constitution house representatives senate courts president cabinet secretary state, etc"
"217","R_6xpIM60h3KT5tJz","democrat republic america usa canada unity       ","democrat republic america usa canada unity"
"218","R_2c4dH0tm2KcEnUp","voting representative people rights choice freedom       ","voting representative peoplee rights choice freedom"
"219","R_4IrriDvKCfzaM4d","america works president congress obama bush       ","america works president congress obama bush"
"220","R_aeMVKH34fwxKafr","freedom work togetherness warmth family friends power government success help equality     ","freedom work togetherness warmth family friends power governmenternment success help equality"
"221","R_6rmQFo2WJVCktkp","america united states votes public justice fair freedom       ","america united states votes public justice fair freedom"
"222","R_5uo04MZgUVUaVX7","freedom liberalism corruptioin fiscal bankrupt republican democrat constitution congress president election     ","freedom liberalism corruption fiscal bankrupt republican democrat constitution congress president election"
"223","R_4TPxpNmJKIbDeBv","voting republicans democrats mob rule politics government america       ","voting republicans democrats mob rule politics governmenternment america"
"224","R_enYQE5zw8ygsu7X"," obama freedom free speech rights people equality furnace care giving individuality constitution us consequences results resolve efficient restoration balance pride ownership","obama freedom free speech rights peoplee equality furnace care giving individuality constitution us consequences results resolve efficient restoration balance pride ownership"
"225","R_eDLNrjrbpHshUEt","voting peoples choice usa majority rules republic voice       ","voting peoplees choice usa majority rules republic voice"
"226","R_e2MFYONSPoMNAah","republic representatives citizen voting freedom united states able influence government       ","republic representatives citizen voting freedom united states able influence governmenternment"
"227","R_9Ywg4TZUO7OcmLH","government freedom rights president politicians america voting       ","governmenternment freedom rights president politicians america voting"
"228","R_2gZuppQsVI5u7NH","freedom rule  people fairness america chance  founding fathers       ","freedom rule peoplee fairness america chance founding fathers"
"229","R_cw2V8yeEmRytUlT","one man, one vote corrupted democracy flaws america ancient greece representation voting free elections 20th century communist goverrnments democracy  title      ","one man, one vote corrupted democracy flaws america ancient greece representation voting free elections 20th century communist governmenterrnments democracy title"
"230","R_0qfFNIlicQnjG9n","freedom rights america equality choice majority voting opinion voice      ","freedom rights america equality choice majority voting opinion voice"
"231","R_b9nufqaJTMde2eV","freedom liberty free speech freedom religion representation government  people tyranny safety security      ","freedom liberty free speech freedom religion representation governmenternment peoplee tyranny safety security"
"232","R_cN1izMqjpWVrkMt","freedom speech equal say decision making america voting        ","freedom speech equal say decision making america voting"
"233","R_6lhumFIBXos1KiV","freedom america president congress vote lobbyists bribe pay court      ","freedom america president congress vote lobbyists bribe pay court"
"266","R_1NwCACsR2rZu55C","elections rights accountability responsiveness rule law freedom power       ","elections rights accountability responsiveness rule law freedom power"
"267","R_1l3qJ0VvoLqQZU6","peace america war hitler constitution        ","peace america war hitler constitution"
"268","R_12ff6vE5CY6dZfA","freedom choice government options multi-party american       ","freedom choice governmenternment options multi-party american"
"269","R_3G1i5x4ZytvXcz0","fairness equality choice vote selection numbers many majority election liberty     ","fairness equality choice vote selection numbers many majority election liberty"
"270","R_2dAPR1tbbt1jSrI","fairness america voting government choices freedom ballots politics leader      ","fairness america voting governmenternment choices freedom ballots politics leader"
"271","R_1DLOnA8deoeeREK","politics voting people corruption america democrats republicans presidents senate house representatives fair every vote counts republic western world   ","politics voting peoplee corruption america democrats republicans presidents senate house representatives fair every vote counts republic western world"
"272","R_1MXuzvUjs9PGr5T","fairness equality people freedom respect discussion sharing voting      ","fairness equality peoplee freedom respect discussion sharing voting"
"273","R_Ahuzxw3yVGayhyN","freedom liberty choice informed politics government        ","freedom liberty choice informed politics governmenternment"
"274","R_3r1zsIocXgpmyAo","voting fairness everyone  voice controlled  people freedom balance       ","voting fairness everyone voice controlled peoplee freedom balance"
"275","R_3mdWkXt7NhdWGCG","well intentioned good theroy problematic practice often corrupt greek normally true democracy inaccuratly named       ","well intention good theory problematic practice often corrupt greek normally true democracy inaccurately named"
"276","R_2PdHe5aSM4I32VQ","government fairness popular vote people's government corrupted        ","governmenternment fairness popular vote peoplee's governmenternment corrupted"
"277","R_QgpA7fDjyjZgksV","goverment law country democrat republician elections politicians representatives       ","governmenterment law country democrat republican elections politicians representatives"
"278","R_PMSCYLDTVJ7NhAZ","voting popular will majority rules athens political parties representative government responsible government one man one vote equal rights      ","voting popular will majority rules athens political parties representative governmenternment responsible governmenternment one man one vote equal rights"
"279","R_1C7awJjKjq9BPqy","freedom liberty equality opportunity progression        ","freedom liberty equality opportunity progression"
"280","R_2V4rJN6UnLhjB3W","freedom representation economy voting government congress washington d.c. elections revolution 1776     ","freedom representation economy voting governmenternment congress washington d.c. elections revolution 1776"
"281","R_2Bh5BU1xE5N4D3B","freedom voting representatives voice government greeks started usa taxation without representation american revolution elected government speaking      ","freedom voting representatives voice governmenternment greeks started usa taxation without representation american revolution elected governmenternment speaking"
"282","R_3QW4VMFzfwnMKz2","particiapatory elections citizens voting money influence power       ","participatory elections citizens voting money influence power"
"283","R_2Sceg1KFu5VnBjv","free people laws everything literally majority rules  true democracy decisions will  people election voice freedom unorganized      ","free peoplee laws everything literally majority rules true democracy decisions will peoplee election voice freedom unorganized"
"284","R_Rw5wv1EsmokHI0F","participatory best alternative partisanship voting inefficiency        ","participatory best alternative partisanship voting inefficiency"
"285","R_3ExQiUmpeNnJ3Iy","elections voting fairness rights politics equality laws representatives people united states constitution     ","elections voting fairness rights politics equality laws representatives peoplee united states constitution"
"286","R_2PkclpJ3dphIx2b","fair equal right thing justice best good great prosperous chance right way chance everyone.     ","fair equal right thing justice best good great prosperous chance right way chance everyone."
"287","R_3kEPKiGjzrF63vq"," usa freedom choice politics open elections        ","usa freedom choice politics open elections"
"288","R_2Eiz82efPI8Ukx9","freedom independence choices ethics reasonable        ","freedom independencee choices ethics reasonable"
"289","R_2VQlPZcv9dsOxRS","freedom america choice power helpful decision normal equal vote      ","freedom america choice power helpful decision normal equal vote"
"290","R_3MJC8MVCX2FoI4p","everyone treated equally freedom speech peace right  fair trial protected law ability pursue dreams  little restrictions free come go  please civilized value human life way  civil rights hope comfortable society    ","everyone treated equally freedom speech peace right fair trial protected law ability pursue dreams little restrictions free come go please civilized value human life way civil rights hope comfortable society"
"291","R_2P52eL4S795EKSG","freedom fairness usa peace family        ","freedom fairness usa peace family"
"292","R_26bFECDVPQ0mBs8","freedom declaration independenc government constitution states bill rights people equality politics      ","freedom declaration independence governmenternment constitution states bill rights peoplee equality politics"
"293","R_2zUP1QZrMV0VbAh","voting demonstrating free speech fact checking debate will  people opinions       ","voting demonstrating free speech fact checking debate will peoplee opinions"
"294","R_8cYPxGpgoNRwcsJ","freedom america fair equality representation government liberal       ","freedom america fair equality representation governmenternment liberal"
"295","R_2pLGpTSLNSyYgAQ","freedom rights love america flag president patriotic       ","freedom rights love america flag president patriotic"
"296","R_1JF5Q7vM2An9W95","opportunity  voices  heard. acceptance diversity. tolerance religious freedom unity welcoming immigrants potential fairness justice      ","opportunity voices heard. acceptance diversity. tolerance religious freedom unity welcoming immigrants potential fairness justice"
"297","R_2ANFIZh2TIxtiBW","voice freedom america voting representative constituion declaration indepedence republic congress citizens     ","voice freedom america voting representative constitution declaration independencee republic congress citizens"
"298","R_1hzHtUWBrnnfDnM","freedom choice united fair liberty equality just       ","freedom choice united fair liberty equality just"
"299","R_bK2y5wlj4RN18xX","freedom choice voting representation politics washington president parties american group like minded people     ","freedom choice voting representation politics washington president parties american group like minded peoplee"
"300","R_tPxFJdtWMiWyYJr","elections freedom parties will  people campaigning political commercials citizens united frownie corruption bought cost campaigning freedom form parties fought constitution election judges   ","elections freedom parties will peoplee campaigning political commercials citizens united frownie corruption bought cost campaigning freedom form parties fought constitution election judges"
"301","R_UstuGCvq2JfVrwd","voting equal politics decided people fair        ","voting equal politics decided peoplee fair"
"302","R_25z30QuDusxbxvS","freedom choice lies happiness trick true democracy exist.       ","freedom choice lies happiness trick true democracy exist."
"303","R_SHR7NGmy3t3WbiV","voice freedom liberty founding fathers voting choice progress majority equality point view     ","voice freedom liberty founding fathers voting choice progress majority equality point view"
"304","R_O2Wps9bQTImAg25","people leader fairness opinions equality politics president       ","peoplee leader fairness opinions equality politics president"
"305","R_a4SHhEPDTsSr2kp","freedom mob rule everyone gets say confusion  representative republic america,  really        ","freedom mob rule everyone gets say confusion representative republic america, really"
"306","R_22VKIzP8JSjG4JL","usa freedom checks balances elections 1776 washington dc federal       ","usa freedom checks balances elections 1776 washington dc federal"
"307","R_87zihZmMVpvzMat","fair equal voting left government  people 1st world       ","fair equal voting left governmenternment peoplee 1st world"
"308","R_3FLmIkiTtkYarYi","freedom rights free market elections voting united states europe corruption      ","freedom rights free market elections voting united states europe corruption"
"309","R_31F3NkXY3ME5QKd","freedom capitalism free speech red white blue fireworks 4th july       ","freedom capitalism free speech red white blue fireworks 4th july"
"310","R_3PTRTVPaTYFpo97","choice  people elected officials voting politics freedom speech civil liberties       ","choice peoplee elected officials voting politics freedom speech civil liberties"
"311","R_2wuXRK6plmcOP50","will people representative elections campaign ads voting equality       ","will peoplee representative elections campaign ads voting equality"
"312","R_1OGOjZMk6berC52","working together freedom  say  debating compromise looking         ","working together freedom say debating compromise looking"
"313","R_1C8D6PzfH7R3uzZ","equality fairness unity system rules support       ","equality fairness unity system rules support"
"314","R_2CpGrmPycEIJih9","freedom america choice government control order social equality demanding ideal power     ","freedom america choice governmenternment control order social equality demanding ideal power"
"315","R_3J4B1r2ihHDyoIb","freedom election america president official states governed  peopl  people legitimate fair optimal     ","freedom election america president official states governmenterned people peoplee legitimate fair optimal"
"316","R_3PGJHIUXLmOm2Oe","freedom voting choice equaliy democrats hope elections       ","freedom voting choice equality democrats hope elections"
"317","R_BL1NCbWyF38nYDT","improving income stop lying work help people        ","improving income stop lying work help peoplee"
"318","R_1eDEUkoKPo799DE","voting elections  people,  people,  people ideas civil rights constitutional freedoms  u.s. used  equality      ","voting elections peoplee, peoplee, peoplee ideas civil rights constitutional freedoms u.s. used equality"
"319","R_3L5bK9vsCtlA1uR","equality freedom fairness voting representation people        ","equality freedom fairness voting representation peoplee"
"320","R_1GTfeaujIsKTx56","fair uncorrupted union equal everyone        ","fair uncorrupted union equal everyone"
"321","R_1gIowfUQPVaQA9L","freedom choice fairness elected independence votes elections majority live let live equality best opposite dictatorship.    ","freedom choice fairness elected independencee votes elections majority live let live equality best opposite dictatorship."
"322","R_1eqOx9YCDdGfJqI","government people equality fairness voting politics country run  people.       ","governmenternment peoplee equality fairness voting politics country run peoplee."
"323","R_1isMygtVeNebrF5","voting choice new form government weak indecisive blue       ","voting choice new form governmenternment weak indecisive blue"
"324","R_31QUoV2WpU0tStd","fair people system democrait goverment        ","fair peoplee system democratic governmenterment"
"325","R_2s4hACbK45G8k5d","freedom  people vote fairness equality elected offcials       ","freedom peoplee vote fairness equality elected officials"
"326","R_1oisnrfOWoU16uo","vote freedom election united states choice majority senators representatives government politics constitution     ","vote freedom election united states choice majority senators representatives governmenternment politics constitution"
"327","R_5bPXE7aKiaByc2l","people choice government taxes free congress senate       ","peoplee choice governmenternment taxes free congress senate"
"328","R_3hryJF03G6DokuG","freedom political participation representation elected leaders united states america separation church state president barack obama political parties democrats republicans elections votes political campaigning political advertising   ","freedom political participation representation elected leaders united states america separation church state president barack obama political parties democrats republicans elections votes political campaigning political advertising"
"329","R_2idHh2r7lyRTGXT","transparency freedom liberty rights action voting choices equal moral constitution     ","transparency freedom liberty rights action voting choices equal moral constitution"
"330","R_2WuwIuupWhrLJb6","vote peoples will personal freedom election term limit        ","vote peoplees will personal freedom election term limit"
"331","R_3Eg12GQRkh2x2UP","equality justice freedom speech elective representation social equality voting       ","equality justice freedom speech elective representation social equality voting"
"332","R_DV8KvIx1apqEIud","voting united states government congress republicans democrats legistature senate freedom rights     ","voting united states governmenternment congress republicans democrats legislature senate freedom rights"
"333","R_eLoKB5cMyLXKPU5","freedom justice equality voice  people common good voting       ","freedom justice equality voice peoplee common good voting"
"334","R_RJGgVtePhptojGp"," people equality open forum representation politics        ","peoplee equality open forum representation politics"
"335","R_1EikgzIG4E1cz1I","free constitution laws regulations senate congress       ","free constitution laws regulations senate congress"
"336","R_3HpgkJD8OPHpJiq","voting president fair unfair republic partisanship bias chaos ineffective      ","voting president fair unfair republic partisanship bias chaos ineffective"
"337","R_2q4vrymKk45AFCC","freedom special lucky money hard-working        ","freedom special lucky money hard-working"
"338","R_W2mer8p0rLRf1ex","freedom choice america politics founding fathers religious freedom political freedom freedom speech freedom religion free  makes happy     ","freedom choice america politics founding fathers religious freedom political freedom freedom speech freedom religion free makes happy"
"339","R_3gXhWy8wZQ9IPQN","freedom voting rights america people congress       ","freedom voting rights america peoplee congress"
"340","R_1rB3wqtW0iRlXQS","campaign ballot constitution government president state voting election      ","campaign ballot constitution governmenternment president state voting election"
"341","R_2tDWXA8T86VGz1C","freedom rights choice free will  people voting  people       ","freedom rights choice free will peoplee voting peoplee"
"342","R_3syu32pFdCz3Vp7","united states democrat republican constitution declaration independence thomas paine freedom       ","united states democrat republican constitution declaration independencee thomas paine freedom"
"343","R_3KqHKqpYwhGOuG1","freedom values ability vote founding fathers leaving england united states  elect officals       ","freedom values ability vote founding fathers leaving england united states elect officials"
"344","R_6led5FPgqjvFgdj","freedom rule people peace good just        ","freedom rule peoplee peace good just"
"345","R_3gZ2GKkWry5Sp3C","america politics government capitalism republic        ","america politics governmenternment capitalism republic"
"346","R_2q7TXVOu6PR52YN","fairness election merit free just lie liberal open fine greedy capitalist hypocritical leanient civilized modern lacking incomplete better superior underhanded","fairness election merit free just lie liberal open fine greedy capitalist hypocritical lenient civilized modern lacking incomplete better superior underhanded"
"347","R_XwgKGJji0rTy78R","fairness america freedom  people positive        ","fairness america freedom peoplee positive"
"348","R_2TntzYsj156xl97","freedom  people united states obama  rich people  lower class        ","freedom peoplee united states obama rich peoplee lower class"
"349","R_1QisFT0qYTaUSd3","freedom blue donkey barack obama inclusive voting       ","freedom blue donkey barack obama inclusive voting"
"350","R_1on9CHEJtq2REg4","fairness voting capitalism america first-world countries election rights people's choice modern      ","fairness voting capitalism america first-world countries election rights peoplee's choice modern"
"351","R_2XjOhEGGQAHN6cv","vote elect representative rights freedom term people constitution      ","vote elect representative rights freedom term peoplee constitution"
"352","R_3FOid2Q0zAqk2bM","freedom history foundation founding fathers ideal freedom speech       ","freedom history foundation founding fathers ideal freedom speech"
"353","R_1rBo3P8S5DFGSac","people vote republic government  people  people fairness equality      ","peoplee vote republic governmenternment peoplee peoplee fairness equality"
"354","R_1cV8yDhswiQAOcT","voting  people representation america freedom equality       ","voting peoplee representation america freedom equality"
"355","R_2dFl3LiGmrl8uzV","form government voting western corruption equality fair       ","form governmenternment voting western corruption equality fair"
"356","R_22EQuvq2RldJ3Oa","people vote president vice president opinion electoral college joke really  vote even count? good  ? freedom challenges    ","peoplee vote president vice president opinion electoral college joke really vote even count? good ? freedom challenges"
"357","R_2pRxHMN32VvjJ9w","justice equality freedom america unreal captial capitalism slavery      ","justice equality freedom america unreal capital capitalism slavery"
"358","R_30hRAiQdMQoK6up","freedom republic democracy america rule  people officials        ","freedom republic democracy america rule peoplee officials"
"359","R_2pSPXtiOsof2mi1","voting deliberation options right united states representation change       ","voting deliberation options right united states representation change"
"360","R_VW2jPR54jIhfWet","freedom choices fairness equal jobs money homes food wealth      ","freedom choices fairness equal jobs money homes food wealth"
"361","R_27IR1YThnI6rJD6","people vote say influence america government       ","peoplee vote say influence america governmenternment"
"362","R_p3EFQJrqII2nKeZ","representation america voting freedom enlightenment athens       ","representation america voting freedom enlightenment athens"
"363","R_vuJCzjnj7Km5vcB","politics voting representation issues governance federalism        ","politics voting representation issues governmenternance federalism"
"364","R_1Ov5cb8luSs4CTm","freedom choice vote leadership liberty independence options fair      ","freedom choice vote leadership liberty independencee options fair"
"365","R_XnOyYQomfyIGnsJ","freedom united states vote power people elections        ","freedom united states vote power peoplee elections"
"366","R_1jiFlsOL2zWX5nR","voting equality respect tolerance understanding peace openness fairness      ","voting equality respect tolerance understanding peace openness fairness"
"367","R_278Lx9f2emjpRnf","idealistic unfair ridculous meaningless bias        ","idealistic unfair ridiculous meaningless bias"
"368","R_RfcFmJW8Ukagxl7","fair vote citizen rights freedom election congress people       ","fair vote citizen rights freedom election congress peoplee"
"369","R_3fkslS6OlmkrFPP","voting government usa ruling majority        ","voting governmenternment usa ruling majority"
"370","R_1QyWpmo5n62aALO","government america democrat republican working corporations people electoral college popular vote      ","governmenternment america democrat republican working corporations peoplee electoral college popular vote"
"371","R_2ARJiMTBHC7kVyS","mindless voters fraud deceit rich corporations oil lies       ","mindless voters fraud deceit rich corporations oil lies"
"372","R_eKcbf9HRBYO26J7","fair equal freedom majority ownership self-relience expression       ","fair equal freedom majority ownership self-reliance expression"
"373","R_25g7B89hvSBsYi5","voting representation majority rule minority rights greece  democratic country's name, less democratic  practice       ","voting representation majority rule minority rights greece democratic country's name, less democratic practice"
"374","R_01duAF9MfviObrr","freedom stability choice free market united states western money capitalism law      ","freedom stability choice free market united states western money capitalism law"
"375","R_1Fe40MoUfqmKNW1","free elections freedom good theory ideal elected representatives freedom protest freedom  press united states      ","free elections freedom good theory ideal elected representatives freedom protest freedom press united states"
"376","R_2WM4lUwdbp4RYp8","vote fair majority politics government system       ","vote fair majority politics governmenternment system"
"377","R_ulUoNRLG8XmX18B","freedom people group choices equality opposing sides compromise collaboration voices       ","freedom peoplee group choices equality opposing sides compromise collaboration voices"
"378","R_2wmZGmIokynK18Y","freedom choice representation participation vote        ","freedom choice representation participation vote"
"379","R_1F3NP4quJ6Tvuyz","lies corrupt true nations war politions middle man interest groups uneducated church state     ","lies corrupt true nations war politicians middle man interest groups uneducated church state"
"380","R_XXSX4W9E4222aWZ","liberty voting popular mob representative republic america rome republican democrat     ","liberty voting popular mob representative republic america rome republican democrat"
"381","R_1DZnVoIKRcIPKLn","united states america freedom liberty statue liberty ellis island land opportunity communism presidency declaration independence george washington revolutionary war voting    ","united states america freedom liberty statue liberty ellis island land opportunity communism presidency declaration independencee george washington revolutionary war voting"
"382","R_12x1QXgsfmy7mRR","government elected representatives elections vote majority rules equality free maket freedom political parties citizen representation     ","governmenternment elected representatives elections vote majority rules equality free market freedom political parties citizen representation"
"383","R_325CzOsQhKKBV4L","freedom speech freedom  press fairness freedom bear arm president censorship calmer society       ","freedom speech freedom press fairness freedom bear arm president censorship calmer society"
"384","R_2gHNABbvfhXdqil","law justice equality government politics        ","law justice equality governmenternment politics"
"385","R_2OZo7Uq7f9HMeL6","freedom democrats republicans usa war bureaucracy  west 1st world capitalism      ","freedom democrats republicans usa war bureaucracy west 1st world capitalism"
"386","R_126iult5BVfrIZt","america together direct democracy government federation old founding fathers washington d.c.      ","america together direct democracy governmenternment federation old founding fathers washington d.c."
"387","R_ULq2ggl8o1pyVJn","choice groups concensus compromise everyone  voice. politics government debate elected officials      ","choice groups concensus compromise everyone voice. politics governmenternment debate elected officials"
"388","R_qxDoKkUAfT1QS0p","voting free speech equal rights freedom compromise due process elected president balance constitution      ","voting free speech equal rights freedom compromise due process elected president balance constitution"
"389","R_9Socnyaf42U9Yo9","social progression less conservative evolving fair fresh economical environmental honest generous      ","social progression less conservative evolving fair fresh economical environmental honest generous"
"390","R_1CqpztgNrCOA24S","government people political party rights vote       ","governmenternment peoplee political party rights vote"
"391","R_3p5604yURsFTgJW","liberty government voting freedom human rights constitution independence congress president      ","liberty governmenternment voting freedom human rights constitution independencee congress president"
"392","R_3lY0uibiBDHz8tk","false lies manipulation freedom choice lack choice farce       ","false lies manipulation freedom choice lack choice farce"
"393","R_3gXEcnF2GZQvfAD","freedom speech work write act        ","freedom speech work write act"
"394","R_3iQiJN1YDuN4aMn","united states politics republican congress president debate complicated arguments       ","united states politics republican congress president debate complicated arguments"
"395","R_ahGLi3c0ys3rcjv","consensus majority rule independence freedom participation decision-making disagreement liberty self-determination election     ","consensus majority rule independencee freedom participation decision-making disagreement liberty self-determination election"
"396","R_2v5QZ25Vho0KTlW","history people freedom voting fairness america egal washington      ","history peoplee freedom voting fairness america egal washington"
"397","R_31zr9Fv3v2jx4jT","freedom united states liberal voting transparent fair equal  united states  rights justice     ","freedom united states liberal voting transparent fair equal united states rights justice"
"398","R_8weeYaj0EvqvgSB","freedom people  power voting free will stability community government  people       ","freedom peoplee power voting free will stability community governmenternment peoplee"
"399","R_Tpl1fUaT6MnJgZP","freedom fairness equality government ruling rules power       ","freedom fairness equality governmenternment ruling rules power"
"400","R_1rvIEtWX8oUjzZ4","justice fairness equality voting approval majority appointed left-wing president america     ","justice fairness equality voting approval majority appointed left-wing president america"
"401","R_1Hc9ohTGFj6F7xo","politics freedom usa flag patriotic president vote people voters voting ballot elections representatives politicians   ","politics freedom usa flag patriotic president vote peoplee voters voting ballot elections representatives politicians"
"402","R_3KGz6Jnx23CIOeA","majority wins democratic false freedom politics nations        ","majority wins democratic false freedom politics nations"
"403","R_O8BdDqxhRxoePUR","free understanding helpful contribute trendy independent       ","free understanding helpful contribute trendy independent"
"404","R_1gnpDiarZXR08Bh","equal vote direct vote  united staes unwieldy every decision noble rare ideal philosophy difficult capitalism,  dollar  huge vote goal     ","equal vote direct vote united states unwieldy every decision noble rare ideal philosophy difficult capitalism, dollar huge vote goal"
"405","R_3sjHDEnBr6Mhm7M","voice  people liberty election president voters        ","voice peoplee liberty election president voters"
"406","R_3nJd76nI48O7oOV","voting fairness justice america western world choice freedom liberty      ","voting fairness justice america western world choice freedom liberty"
"407","R_27p1xm2fkGpKQbT","votes representation conservative liberal order understanding compromise popularity money lesser two evils hope  best favors tension conflict drama walking eggshells #thanksobama publicity talking points goverment","votes representation conservative liberal order understanding compromise popularity money lesser two evils hope best favors tension conflict drama walking eggshells #thanksobama publicity talking points governmenterment"
"408","R_3irJ9eWsd1yNvVw","2 wolves  sheep deciding  dinner majority rules republic free expression voting freedom representatives president 3 branches government      ","2 wolves sheep deciding dinner majority rules republic free expression voting freedom representatives president 3 branches governmenternment"
"409","R_1o7LzSyOCBHyR5s","representation faction universal suffrage participation debate equality opportunity secular      ","representation faction universal suffrage participation debate equality opportunity secular"
"410","R_3sAKhOaI1dovvvR","people freedom representatives united states senate house mob rule       ","peoplee freedom representatives united states senate house mob rule"
"411","R_2rC4fRWxvYVzDgz","greece free press voting rights non exclusion citizens elected officials big money vs. big public voices western governments      ","greece free press voting rights non exclusion citizens elected officials big money versus. big public voices western governmenternments"
"412","R_3iLk1OWqnnSRuI6","equal balance open listening everyone        ","equal balance open listening everyone"
"413","R_2DSrVz320f8YwBK","america freedom rights constitution governments representation election rule  majority athens separation power president parliment    ","america freedom rights constitution governmenternments representation election rule majority athens separation power president parliament"
"414","R_10rvB9KdVhqli8N","freedom government laws political rights  people        ","freedom governmenternment laws political rights peoplee"
"415","R_2VKgcX5pMp5DOIN","rules civil rights government people elect leaders political social vote      ","rules civil rights governmenternment peoplee elect leaders political social vote"
"416","R_1FIC8NyopYOudUY","fair freedom representation laws rule law open tolerant equality orderly happy humanity humaine justice    ","fair freedom representation laws rule law open tolerant equality orderly happy humanity humane justice"
"417","R_3lFc0iLmHsPQq3v","freedom voting politics choices  people        ","freedom voting politics choices peoplee"
"418","R_3stWmv3D9DN7pfy","everyone  say usa equal everyone voice capitalism politics       ","everyone say usa equal everyone voice capitalism politics"
"419","R_3mlXNQsG5xYeh6r","liberal right soft accepting diverse immigrants culture       ","liberal right soft accepting diverse immigrants culture"
"420","R_qPEwKCDH1KJf4Ax","united states america freedom justice liberty fair/equal voting       ","united states america freedom justice liberty fair/equal voting"
"421","R_1lyrfNVeL6cgomB","freedom choice liberty ownership rights dreams ambition wealth      ","freedom choice liberty ownership rights dreams ambition wealth"
"422","R_DSPhYprwnOZFKLv","correct smarter logical middle class change progressive moving forward young      ","correct smagnar logical middle class change progressive moving forward young"
"423","R_3oXZHgepVqmej0Y","election debate one vote peaceful governed consent        ","election debate one vote peaceful governmenterned consent"
"424","R_3hhGG7Hf2GR9xMl","free elected officials power vested people fairness freeedom social equality liberal government justice       ","free elected officials power vested peoplee fairness freedom social equality liberal governmenternment justice"
"425","R_28zYlJ9FGtaWmQX","freedom freedom speech freedom choice freedom religion able choose leadership able elect representatives able effectively change laws important issues citizens protected  constitution government largely  intervene  affairs  citizen government listens  citizens     ","freedom freedom speech freedom choice freedom religion able choose leadership able elect representatives able effectively change laws important issues citizens protected constitution governmenternment largely intervene affairs citizen governmenternment listens citizens"
"426","R_barmVJjqYHOdk2t","freedom hope rights chance choice heard served unity equality      ","freedom hope rights chance choice heard served unity equality"
"427","R_URVoNlcjJqSuDE5","equal rights privileges everyone united states  people  people free system social equality       ","equal rights privileges everyone united states peoplee peoplee free system social equality"
"428","R_1E1d4Wp1vPsU1s2","freedom people good smart peaceful        ","freedom peoplee good smart peaceful"
"429","R_1gHga7ihjvaz7Cj","governing  people freedom dictatorship laws governed people governance voting freedom tyranny freedom selection law right vote private  vilified  vote      ","governmenterning peoplee freedom dictatorship laws governmenterned peoplee governmenternance voting freedom tyranny freedom selection law right vote private vilified vote"
"430","R_3FRRj9GSXBqAlDe","usa freedom constitution voting government founding fathers balance powers       ","usa freedom constitution voting governmenternment founding fathers balance powers"
"431","R_1M0NwcTIwZysDDO","freedom liberty  voice heard voting free expression        ","freedom liberty voice heard voting free expression"
"432","R_cCmwfnjZfxRIxYV","democrats republic choosing old idealistic confused hope change freedom voice together faded power progressiveness new   ","democrats republic choosing old idealistic confused hope change freedom voice together faded power progressive new"
"433","R_79Zzoph5R9dfBQN","america freedom voting opportunity election president independence rights      ","america freedom voting opportunity election president independencee rights"
"434","R_2vjnBHwR71RpfBu","people one man, one vote majority minority mob representation franchise       ","peoplee one man, one vote majority minority mob representation franchise"
"435","R_2rw4AtNxYjcGbki","opportunity freedom america republicans democrats choices        ","opportunity freedom america republicans democrats choices"
"436","R_3L7r4SJBplNwYNY","freedom fair balance political liberal united states choice supreme court president american free trade good wages transperency legislature bill rights freedom speech freedom religion right bear arms right assembly marte carte","freedom fair balance political liberal united states choice supreme court president american free trade good wages transparency legislature bill rights freedom speech freedom religion right bear arms right assembly magna carte"
"437","R_3hhTVJEqtGqmwFT","freedom fair happy government equal jury constitution declaration independence choices      ","freedom fair happy governmenternment equal jury constitution declaration independencee choices"
"438","R_33kyHfjn35dkWZf","unfair unjust social concepts sicken biased alienating instrumentalities continued social ladders       ","unfair unjust social concepts sicken biased alienating instrumentalities continued social ladders"
"439","R_2q40TvhbDC4QXJf","fake controlled opposition guise freedom control structure 2 wolves  sheep deciding  dinner        ","fake controlled opposition guise freedom control structure 2 wolves sheep deciding dinner"
"440","R_0OFbopuvpnI8Mdf","government history america united states going vote politics laws human rights civil liberties free speech equal rights     ","governmenternment history america united states going vote politics laws human rights civil liberties free speech equal rights"
"441","R_2SdfcDt3MDvxtsA","government fairness team work decision making workers meetings       ","governmenternment fairness team work decision making workers meetings"
"442","R_3LYIDuqJbRrehAc","republic freedom 50/50 voices election        ","republic freedom 50/50 voices election"
"443","R_2qDkntSoGyVwfPv","voice  people fair government choice constitution        ","voice peoplee fair governmenternment choice constitution"
"444","R_2CNV1Kw7ihg3re5","election vote freedom power  people checks balances president political parties america debate campaign democrats republicans liberals conservatives congress    ","election vote freedom power peoplee checks balances president political parties america debate campaign democrats republicans liberals conservatives congress"
"445","R_3M6z6C0jkAnPRN3","freedom order people choose america modern        ","freedom order peoplee choose america modern"
"446","R_3QMHUGPkXC27cH3","people-ruled versatile patriotic righteous involved  people  people unrestricted fair impartial elections protection human rights freedom speech    ","peoplee-ruled versatile patriotic righteous involved peoplee peoplee unrestricted fair impartial elections protection human rights freedom speech"
"447","R_vJlGHY7gy9eND7X","america voting representation populace decides free market party system capitalism       ","america voting representation populace decides free market party system capitalism"
"448","R_V2aW2bdLeUYP6cp","united states freedom forefathers democrat checks balances voting       ","united states freedom forefathers democrat checks balances voting"
"449","R_2af4Ypmnii8dKWH","america japan equality freedom election popular vote       ","america japan equality freedom election popular vote"
"450","R_4ZAyNkljXZBtaBL","freedom speech free market voting equal say  people       ","freedom speech free market voting equal say peoplee"
"451","R_1I5x6WJmO7A8EZA","voting people  say dictator king queen government  fair people rights everyone equal       ","voting peoplee say dictator king queen governmenternment fair peoplee rights everyone equal"
"452","R_pgDSlZBTDDl9SBb","united states people bill rights constitution freedom voting elections       ","united states peoplee bill rights constitution freedom voting elections"
"453","R_22s7hnu2w2l42vz","fair unite freedom country left        ","fair unite freedom country left"
"454","R_2EEHVbjKkekebba","liberty freedom hope chances opportunity fairness chance equality oppression marching justice voicing opinion right wrong     ","liberty freedom hope chances opportunity fairness chance equality oppression marching justice voicing opinion right wrong"
"455","R_5dsGfTdKQ2JfNad","together people vote equal power al gore love united strong      ","together peoplee vote equal power al gore love united strong"
"456","R_RUkss79jCjX1gA1","united states elections voting everyone  say fair open market       ","united states elections voting everyone say fair open market"
"457","R_rchzITZ94HkMv3H","freedom voting declaration independence america india politics choice illusion choice two party system majority rules     ","freedom voting declaration independencee america india politics choice illusion choice two party system majority rules"
"458","R_0PPlQqydQq4x7nL","power freedom control equality unity peace togetherness community just good righteous justice supremacy citizenship   ","power freedom control equality unity peace togetherness community just good righteous justice supremacy citizenship"
"459","R_3kHRrqFY0XcHwzU","freedom america freedom speech  people  people vote self-governed       ","freedom america freedom speech peoplee peoplee vote self-governmenterned"
"460","R_2Xmp32Z2EFSegcx"," think  founding fathers  country free public voting decisions made  people democrat party free way making decisions  restrictions        ","think founding fathers country free public voting decisions made peoplee democrat party free way making decisions restrictions"
"461","R_1GVpLZqrYGpqi8Q","elections accountability transparency progress laws due process voting       ","elections accountability transparency progress laws due process voting"
"462","R_12i4YnyE1YrGUS5","people representation one man one vote opinions majority rules freedom tyranny  majority representative government voting voice  people     ","peoplee representation one man one vote opinions majority rules freedom tyranny majority representative governmenternment voting voice peoplee"
"463","R_1GKpuoy5BH8x8g8","freedom opportunity justice voting rights        ","freedom opportunity justice voting rights"
"464","R_3R2ih2y0uyFBtb9","voting elections voters polls freedom choice candidates government constitution      ","voting elections voters polls freedom choice candidates governmenternment constitution"
"465","R_2XaOmgVX5juGUSB","choice variety power  people voting progress numbers campaigning disagreement      ","choice variety power peoplee voting progress numbers campaigning disagreement"
"466","R_1dahOvF8EsVr4FS","president equality obama democrat house senate       ","president equality obama democrat house senate"
"467","R_2wBUmHX4g2CLHan","fair people honest integrity good        ","fair peoplee honest integrity good"
"468","R_1LqEDWOmGj85MQw","vote representation fairness elections majority republic democratic justice nation independence     ","vote representation fairness elections majority republic democratic justice nation independencee"
